face,group,Rp_dyn_s_cm5,Rd_dyn_s_cm5,C_cm5_dyn,Distal_pressure_dyn_cm2,Initial_pressure_dyn_cm2,R_total_mmHg_s_mL,C_mL_mmHg
LACA,ACA,7186.055800000001,64674.5022,2.7752358950510795e-06,0.0,115990.14,53.9,0.0037
RACA,ACA,7186.055800000001,64674.5022,2.7752358950510795e-06,0.0,115990.14,53.9,0.0037
LMCA,MCA,4064.9877800000004,36584.890020000006,4.875414410224869e-06,0.0,115990.14,30.49,0.0065
RMCA,MCA,4064.9877800000004,36584.890020000006,4.875414410224869e-06,0.0,115990.14,30.49,0.0065
LPCA,PCA,11136.386660000002,100227.47994,1.8001530130061053e-06,0.0,115990.14,83.53,0.0024
RPCA,PCA,11136.386660000002,100227.47994,1.8001530130061053e-06,0.0,115990.14,83.53,0.0024
